﻿Designator,Footprint,Quantity,Value,LCSC Part #
"C1, C10, C11, C14, C17, C2, C3, C4, C5, C6",0603,10,100n,
"C12, C8, C9",1206,3,22u,
"C13, C7",0603,2,220n,
C15,0603,1,470n,
C16,0603,1,10n,
"C18, C20",0603,2,100p,
C19,1206,1,2u,
D1,D_SOD-323_HandSoldering,1,D,
D2,LED_D3.0mm,1,LED,
"D3, D4",0603,2,LED,
"FL1, FL2, FL3",Resonator_SMD_Murata_CSTxExxV-3Pin_3.0x1.1mm_HandSoldering,3,NFE31PT221D1E9L,
"J1, J2, J3",SMA_Samtec_SMA-J-P-H-ST-EM1_EdgeMount,3,Conn_Coaxial,
J10,PinHeader_1x03_P2.54mm_Vertical,1,SPI debug,
J4,1140084168,1,1140084168,
J5,TerminalBlock_RND_205-00012_1x02_P5.00mm_Horizontal,1,Battery in,
J6,USB_C_Receptacle_HRO_TYPE-C-31-M-12,1,USB_C_Receptacle_USB2.0_16P,
J7,PinSocket_1x06_P2.54mm_Vertical,1,UART header,
J8,PinHeader_1x06_P2.54mm_Vertical,1,Free GPIO,
J9,PinHeader_2x02_P2.54mm_Vertical,1,CS_enable,
L1,L_Murata_DFE201610P,1,15u,
"Q1, Q2",SOT-23,2,BC846,
"R10, R11, R12, R15, R16, R17",0603,6,10k,
"R13, R14",0603,2,5k1,
R18,0603,1,1k,
"R19, R20",0603,2,680,
"R3, R5, R8",0603,3,0,
"S1, S2",TL3305BF160QG,2,TL3305BF100QG,
TP1,TestPoint_Pad_D1.5mm,1,RFM96W_Reset,
TP10,TestPoint_Pad_D1.5mm,1,RFSW2,
TP11,TestPoint_Pad_D1.5mm,1,RST,
TP12,TestPoint_Pad_D1.5mm,1,RFSW0,
TP13,TestPoint_Pad_D1.5mm,1,RFSW1,
TP14,TestPoint_Pad_D1.5mm,1,DIO9,
TP15,TestPoint_Pad_D1.5mm,1,DIO8,
TP2,TestPoint_Pad_D1.5mm,1,DIO4,
TP3,TestPoint_Pad_D1.5mm,1,DIO3,
TP4,TestPoint_Pad_D1.5mm,1,DIO2,
TP5,TestPoint_Pad_D1.5mm,1,DIO1,
TP6,TestPoint_Pad_D1.5mm,1,DIO0,
TP7,TestPoint_Pad_D1.5mm,1,DIO5,
TP8,TestPoint_Pad_D1.5mm,1,Reset FDTI,
TP9,TestPoint_Pad_D1.5mm,1,Vreg,
U1,HOPERF_RFM9XW_SMD,1,RFM96W-433S2,
"U2, U3, U6",SOT-223-3_TabPin2,3,AMS1117-3.3,
U4,LBAA0XV2GT001,1,LBAA0XV2GT-001,
U5,ESP32-S3-WROOM-1,1,ESP32-S3-WROOM-1,
U7,SSOP-28_5.3x10.2mm_P0.65mm,1,FT232RL,
